{
  "selected_model": "logistic_regression",
  "model_results": {
    "logistic_regression": {
      "threshold": 0.64,
      "roc_auc": 0.9664502164502166,
      "pr_auc": 0.9634351641401436,
      "precision": 0.8928571428571429,
      "recall": 0.8928571428571429,
      "f1": 0.8928571428571429,
      "sensitivity": 0.8928571428571429,
      "specificity": 0.9090909090909091,
      "tp": 25,
      "tn": 30,
      "fp": 3,
      "fn": 3
    },
    "random_forest": {
      "threshold": 0.45999999999999996,
      "roc_auc": 0.948051948051948,
      "pr_auc": 0.9180482882451325,
      "precision": 0.84375,
      "recall": 0.9642857142857143,
      "f1": 0.9,
      "sensitivity": 0.9642857142857143,
      "specificity": 0.8484848484848485,
      "tp": 27,
      "tn": 28,
      "fp": 5,
      "fn": 1
    }
  }
}