{
  "model": "heart_net",
  "threshold": 0.64,
  "metrics": {
    "threshold": 0.64,
    "roc_auc": 0.9718614718614718,
    "pr_auc": 0.9671080469180539,
    "precision": 0.896551724137931,
    "recall": 0.9285714285714286,
    "f1": 0.9122807017543859,
    "sensitivity": 0.9285714285714286,
    "specificity": 0.9090909090909091,
    "tp": 26,
    "tn": 30,
    "fp": 3,
    "fn": 2
  },
  "input_dim": 28,
  "feature_order": [
    "age",
    "sex",
    "cp",
    "trestbps",
    "chol",
    "fbs",
    "restecg",
    "thalach",
    "exang",
    "oldpeak",
    "slope",
    "ca",
    "thal"
  ]
}