{
  "logistic_regression": {
    "cv_roc_auc_mean": 0.877057267351385,
    "cv_roc_auc_std": 0.06613953304411256,
    "threshold": 0.66,
    "selection_score": 0.8247474747474748,
    "val_metrics": {
      "threshold": 0.66,
      "roc_auc": 0.9461279461279462,
      "pr_auc": 0.9470487896547592,
      "precision": 1.0,
      "recall": 0.7727272727272727,
      "f1": 0.8717948717948718,
      "sensitivity": 0.7727272727272727,
      "specificity": 1.0,
      "tp": 17,
      "tn": 27,
      "fp": 0,
      "fn": 5
    },
    "test_metrics": {
      "threshold": 0.66,
      "roc_auc": 0.9642857142857144,
      "pr_auc": 0.9603704549648795,
      "precision": 0.8928571428571429,
      "recall": 0.8928571428571429,
      "f1": 0.8928571428571429,
      "sensitivity": 0.8928571428571429,
      "specificity": 0.9090909090909091,
      "tp": 25,
      "tn": 30,
      "fp": 3,
      "fn": 3
    }
  },
  "random_forest": {
    "cv_roc_auc_mean": 0.8860488639900405,
    "cv_roc_auc_std": 0.044115259207812486,
    "threshold": 0.58,
    "selection_score": 0.8191919191919192,
    "val_metrics": {
      "threshold": 0.58,
      "roc_auc": 0.9276094276094277,
      "pr_auc": 0.9310460563401739,
      "precision": 0.9444444444444444,
      "recall": 0.7727272727272727,
      "f1": 0.85,
      "sensitivity": 0.7727272727272727,
      "specificity": 0.9629629629629629,
      "tp": 17,
      "tn": 26,
      "fp": 1,
      "fn": 5
    },
    "test_metrics": {
      "threshold": 0.58,
      "roc_auc": 0.9512987012987013,
      "pr_auc": 0.9221887978375244,
      "precision": 0.8620689655172413,
      "recall": 0.8928571428571429,
      "f1": 0.8771929824561403,
      "sensitivity": 0.8928571428571429,
      "specificity": 0.8787878787878788,
      "tp": 25,
      "tn": 29,
      "fp": 4,
      "fn": 3
    }
  },
  "extra_trees": {
    "cv_roc_auc_mean": 0.8883302209772799,
    "cv_roc_auc_std": 0.04135211944629429,
    "threshold": 0.5,
    "selection_score": 0.8813131313131313,
    "val_metrics": {
      "threshold": 0.5,
      "roc_auc": 0.9225589225589226,
      "pr_auc": 0.9235992716377861,
      "precision": 0.8260869565217391,
      "recall": 0.8636363636363636,
      "f1": 0.8444444444444444,
      "sensitivity": 0.8636363636363636,
      "specificity": 0.8518518518518519,
      "tp": 19,
      "tn": 23,
      "fp": 4,
      "fn": 3
    },
    "test_metrics": {
      "threshold": 0.5,
      "roc_auc": 0.9458874458874459,
      "pr_auc": 0.9270829050109559,
      "precision": 0.7878787878787878,
      "recall": 0.9285714285714286,
      "f1": 0.8524590163934426,
      "sensitivity": 0.9285714285714286,
      "specificity": 0.7878787878787878,
      "tp": 26,
      "tn": 26,
      "fp": 7,
      "fn": 2
    }
  },
  "gradient_boosting": {
    "cv_roc_auc_mean": 0.8261515717398069,
    "cv_roc_auc_std": 0.07460580876290418,
    "threshold": 0.26,
    "selection_score": 0.9045454545454545,
    "val_metrics": {
      "threshold": 0.26,
      "roc_auc": 0.8939393939393939,
      "pr_auc": 0.8799538137001479,
      "precision": 0.7692307692307693,
      "recall": 0.9090909090909091,
      "f1": 0.8333333333333334,
      "sensitivity": 0.9090909090909091,
      "specificity": 0.7777777777777778,
      "tp": 20,
      "tn": 21,
      "fp": 6,
      "fn": 2
    },
    "test_metrics": {
      "threshold": 0.26,
      "roc_auc": 0.9458874458874459,
      "pr_auc": 0.9285904699388244,
      "precision": 0.7,
      "recall": 1.0,
      "f1": 0.8235294117647058,
      "sensitivity": 1.0,
      "specificity": 0.6363636363636364,
      "tp": 28,
      "tn": 21,
      "fp": 12,
      "fn": 0
    }
  },
  "svm_rbf": {
    "cv_roc_auc_mean": 0.8743121693121694,
    "cv_roc_auc_std": 0.05789363251286896,
    "threshold": 0.64,
    "selection_score": 0.7823232323232323,
    "val_metrics": {
      "threshold": 0.64,
      "roc_auc": 0.9107744107744108,
      "pr_auc": 0.9185510953692771,
      "precision": 1.0,
      "recall": 0.7272727272727273,
      "f1": 0.8421052631578947,
      "sensitivity": 0.7272727272727273,
      "specificity": 1.0,
      "tp": 16,
      "tn": 27,
      "fp": 0,
      "fn": 6
    },
    "test_metrics": {
      "threshold": 0.64,
      "roc_auc": 0.9577922077922079,
      "pr_auc": 0.9443669659907273,
      "precision": 0.92,
      "recall": 0.8214285714285714,
      "f1": 0.8679245283018868,
      "sensitivity": 0.8214285714285714,
      "specificity": 0.9393939393939394,
      "tp": 23,
      "tn": 31,
      "fp": 2,
      "fn": 5
    }
  }
}